firstName1,lastName1,Mon Nov 04 00:00:00 IST 93,5.0
firstName3,lastName3,Wed Jan 01 00:00:00 IST 94,5.0
firstName5,lastName5,Tue Feb 12 00:00:00 IST 93,10.0
firstName6,lastName6,Wed Oct 10 00:00:00 IST 92,7.0
firstName7,lastName7,Fri Mar 06 00:00:00 IST 95,2.0
firstName9,lastName9,Sun Mar 09 00:00:00 IST 94,9.0
firstName10,lastName10,Thu Apr 02 00:00:00 IST 95,10.0
firstName12,lastName12,Thu Jul 11 00:00:00 IST 93,8.0
firstName13,lastName13,Thu Jul 04 00:00:00 IST 93,10.0
firstName14,lastName14,Wed Jul 11 00:00:00 IST 92,8.0
firstName16,lastName16,Wed Oct 09 00:00:00 IST 93,1.0
firstName17,lastName17,Mon May 06 00:00:00 IST 93,4.0
firstName18,lastName18,Thu Apr 10 00:00:00 IST 94,6.0
firstName19,lastName19,Fri Jun 06 00:00:00 IST 94,9.0
firstName21,lastName21,Mon Jul 08 00:00:00 IST 93,1.0
firstName22,lastName22,Mon Nov 11 00:00:00 IST 93,10.0
firstName23,lastName23,Thu Sep 05 00:00:00 IST 93,9.0
firstName24,lastName24,Sun Aug 03 00:00:00 IST 94,7.0
firstName25,lastName25,Mon Oct 07 00:00:00 IST 93,2.0
firstName27,lastName27,Tue Jun 10 00:00:00 IST 94,1.0
firstName28,lastName28,Thu Apr 10 00:00:00 IST 94,8.0
firstName29,lastName29,Wed Apr 02 00:00:00 IST 94,9.0
firstName30,lastName30,Fri Jul 12 00:00:00 IST 93,8.0
firstName32,lastName32,Sat Aug 11 00:00:00 IST 92,3.0
firstName33,lastName33,Tue Mar 11 00:00:00 IST 94,7.0
firstName34,lastName34,Wed Oct 10 00:00:00 IST 92,9.0
firstName36,lastName36,Thu Jun 06 00:00:00 IST 93,10.0
firstName37,lastName37,Fri Feb 06 00:00:00 IST 95,8.0
firstName38,lastName38,Tue Sep 11 00:00:00 IST 92,6.0
firstName39,lastName39,Mon Mar 04 00:00:00 IST 93,10.0
firstName41,lastName41,Sat Feb 11 00:00:00 IST 92,8.0
firstName42,lastName42,Tue Aug 05 00:00:00 IST 94,6.0
firstName43,lastName43,Sun Jul 07 00:00:00 IST 93,6.0
firstName44,lastName44,Wed Feb 04 00:00:00 IST 95,1.0
firstName46,lastName46,Fri Apr 05 00:00:00 IST 93,7.0
firstName47,lastName47,Sun May 11 00:00:00 IST 94,9.0
firstName48,lastName48,Sat Mar 10 00:00:00 IST 92,2.0
firstName49,lastName49,Tue May 07 00:00:00 IST 93,6.0
firstName51,lastName51,Mon Sep 02 00:00:00 IST 93,1.0
firstName52,lastName52,Fri Aug 02 00:00:00 IST 93,7.0
firstName53,lastName53,Sun Jan 12 00:00:00 IST 94,4.0
firstName54,lastName54,Mon Jun 02 00:00:00 IST 94,5.0
firstName56,lastName56,Wed Apr 11 00:00:00 IST 92,10.0
firstName57,lastName57,Thu May 02 00:00:00 IST 93,7.0
firstName58,lastName58,Mon Mar 10 00:00:00 IST 94,10.0
firstName59,lastName59,Sun Mar 09 00:00:00 IST 94,5.0
firstName61,lastName61,Thu Dec 04 00:00:00 IST 94,7.0
firstName62,lastName62,Thu Mar 07 00:00:00 IST 93,6.0
firstName63,lastName63,Fri Oct 03 00:00:00 IST 94,5.0
firstName65,lastName65,Thu Sep 05 00:00:00 IST 93,2.0
firstName66,lastName66,Sun Mar 08 00:00:00 IST 95,2.0
firstName67,lastName67,Fri Oct 12 00:00:00 IST 92,3.0
firstName68,lastName68,Thu Aug 07 00:00:00 IST 94,4.0
firstName70,lastName70,Thu Mar 05 00:00:00 IST 95,1.0
firstName71,lastName71,Mon Feb 02 00:00:00 IST 95,1.0
firstName72,lastName72,Wed Oct 09 00:00:00 IST 93,2.0
firstName74,lastName74,Wed Jan 09 00:00:00 IST 93,8.0
firstName75,lastName75,Mon Mar 02 00:00:00 IST 95,2.0
firstName76,lastName76,Wed Apr 11 00:00:00 IST 92,2.0
firstName78,lastName78,Wed Jul 03 00:00:00 IST 93,3.0
firstName79,lastName79,Thu Jul 04 00:00:00 IST 93,2.0
firstName81,lastName81,Sat Aug 10 00:00:00 IST 93,1.0
firstName82,lastName82,Tue Oct 08 00:00:00 IST 93,4.0
firstName83,lastName83,Fri Sep 06 00:00:00 IST 93,7.0
firstName85,lastName85,Fri Jun 06 00:00:00 IST 94,1.0
firstName86,lastName86,Wed Sep 04 00:00:00 IST 93,8.0
firstName88,lastName88,Sat Apr 05 00:00:00 IST 94,6.0
firstName89,lastName89,Fri Feb 10 00:00:00 IST 92,8.0
firstName91,lastName91,Wed Apr 03 00:00:00 IST 93,10.0
firstName92,lastName92,Wed May 06 00:00:00 IST 95,7.0
firstName93,lastName93,Fri Feb 07 00:00:00 IST 94,2.0
firstName95,lastName95,Wed Jun 11 00:00:00 IST 94,2.0
firstName96,lastName96,Mon Apr 08 00:00:00 IST 93,3.0
firstName98,lastName98,Sat Nov 02 00:00:00 IST 93,3.0
firstName99,lastName99,Sun Mar 01 00:00:00 IST 95,5.0
firstName100,lastName100,Mon Jan 07 00:00:00 IST 93,5.0
firstName102,lastName102,Sat Sep 06 00:00:00 IST 94,6.0
firstName103,lastName103,Wed Jan 08 00:00:00 IST 94,4.0
firstName104,lastName104,Sun Oct 06 00:00:00 IST 93,2.0
firstName105,lastName105,Tue Apr 07 00:00:00 IST 95,3.0
firstName106,lastName106,Thu Dec 04 00:00:00 IST 94,4.0
firstName108,lastName108,Fri Jun 06 00:00:00 IST 94,1.0
firstName109,lastName109,Tue Mar 12 00:00:00 IST 93,2.0
firstName110,lastName110,Sat Sep 06 00:00:00 IST 94,1.0
firstName112,lastName112,Tue Jan 06 00:00:00 IST 95,1.0
firstName113,lastName113,Sun Jun 10 00:00:00 IST 92,3.0
firstName114,lastName114,Fri Oct 03 00:00:00 IST 94,8.0
firstName116,lastName116,Mon Sep 08 00:00:00 IST 94,10.0
firstName117,lastName117,Thu Jun 04 00:00:00 IST 95,9.0
firstName118,lastName118,Mon Apr 08 00:00:00 IST 93,3.0
firstName119,lastName119,Sat Aug 03 00:00:00 IST 93,6.0
firstName120,lastName120,Sat Jun 07 00:00:00 IST 94,2.0
firstName122,lastName122,Sun Jan 06 00:00:00 IST 93,8.0
firstName123,lastName123,Sun Jun 08 00:00:00 IST 94,9.0
firstName124,lastName124,Fri Aug 08 00:00:00 IST 94,1.0
firstName125,lastName125,Mon Apr 08 00:00:00 IST 93,9.0
firstName127,lastName127,Thu Apr 03 00:00:00 IST 94,7.0
firstName128,lastName128,Tue Jul 08 00:00:00 IST 94,2.0
firstName130,lastName130,Tue Aug 06 00:00:00 IST 93,1.0
firstName131,lastName131,Fri Jan 02 00:00:00 IST 95,8.0
